{"data_time": 0.0022350640501827, "eta_seconds": 64825.42032417841, "fast_rcnn/cls_accuracy": 0.982421875, "fast_rcnn/false_negative": 1.0, "fast_rcnn/fg_cls_accuracy": 0.0, "iteration": 19, "loss_box_reg": 0.017292923061177135, "loss_cls": 0.4744383692741394, "loss_rpn_cls": 0.6375097632408142, "loss_rpn_loc": 0.03895834623835981, "lr": 0.0003996199999999999, "rank_data_time": 0.002123470534570515, "roi_head/num_bg_samples": 508.0, "roi_head/num_fg_samples": 4.0, "rpn/num_neg_anchors": 244.25, "rpn/num_pos_anchors": 11.75, "time": 0.24011193541809916, "total_loss": 1.1649623767007142}
{"data_time": 0.0024409310426563025, "eta_seconds": 61547.712227997836, "fast_rcnn/cls_accuracy": 0.99072265625, "fast_rcnn/false_negative": 1.0, "fast_rcnn/fg_cls_accuracy": 0.0, "iteration": 19, "loss_box_reg": 0.004479162009374704, "loss_cls": 0.20563170220702887, "loss_rpn_cls": 0.7048903405666351, "loss_rpn_loc": 0.07190667558461428, "lr": 0.0003996199999999999, "rank_data_time": 0.0019852269906550646, "roi_head/num_bg_samples": 508.0, "roi_head/num_fg_samples": 4.0, "rpn/num_neg_anchors": 240.75, "rpn/num_pos_anchors": 15.25, "time": 0.2279713765019551, "total_loss": 0.9874560861135251}
{"data_time": 0.002281227963976562, "eta_seconds": 61638.189657973126, "fast_rcnn/cls_accuracy": 0.982421875, "fast_rcnn/false_negative": 1.0, "fast_rcnn/fg_cls_accuracy": 0.0, "iteration": 39, "loss_box_reg": 0.03081845270935446, "loss_cls": 0.24977796152234077, "loss_rpn_cls": 0.34233586490154266, "loss_rpn_loc": 0.0774559061974287, "lr": 0.0007992199999999999, "rank_data_time": 0.00209435005672276, "roi_head/num_bg_samples": 503.0, "roi_head/num_fg_samples": 9.0, "rpn/num_neg_anchors": 237.0, "rpn/num_pos_anchors": 19.0, "time": 0.23107176495250314, "total_loss": 0.6626106317853555}
{"data_time": 0.002562590059824288, "eta_seconds": 63396.76920844009, "fast_rcnn/cls_accuracy": 0.98291015625, "fast_rcnn/false_negative": 1.0, "fast_rcnn/fg_cls_accuracy": 0.0, "iteration": 59, "loss_box_reg": 0.0672181062400341, "loss_cls": 0.23528767377138138, "loss_rpn_cls": 0.200201366096735, "loss_rpn_loc": 0.049202839843928814, "lr": 0.00119882, "rank_data_time": 0.0022244469728320837, "roi_head/num_bg_samples": 503.25, "roi_head/num_fg_samples": 8.75, "rpn/num_neg_anchors": 245.0, "rpn/num_pos_anchors": 11.0, "time": 0.23885797953698784, "total_loss": 0.5562571382615715}
{"data_time": 0.002239633584395051, "eta_seconds": 61666.78437741473, "fast_rcnn/cls_accuracy": 0.95849609375, "fast_rcnn/false_negative": 1.0, "fast_rcnn/fg_cls_accuracy": 0.0, "iteration": 79, "loss_box_reg": 0.13239687122404575, "loss_cls": 0.17652999609708786, "loss_rpn_cls": 0.15706977434456348, "loss_rpn_loc": 0.05868006031960249, "lr": 0.0015984200000000001, "rank_data_time": 0.0020715444115921855, "roi_head/num_bg_samples": 490.75, "roi_head/num_fg_samples": 21.25, "rpn/num_neg_anchors": 241.5, "rpn/num_pos_anchors": 14.5, "time": 0.22618309932295233, "total_loss": 0.5696930992417037}
{"eta_seconds": 62407.46239440981, "fast_rcnn/cls_accuracy": 0.96826171875, "fast_rcnn/false_negative": 1.0, "fast_rcnn/fg_cls_accuracy": 0.0, "iteration": 84, "roi_head/num_bg_samples": 495.75, "roi_head/num_fg_samples": 16.25, "rpn/num_neg_anchors": 234.25, "rpn/num_pos_anchors": 21.75}
{"data_time": 0.0022664410062134266, "iteration": 83, "loss_box_reg": 0.138186264783144, "loss_cls": 0.170894555747509, "loss_rpn_cls": 0.16933172941207886, "loss_rpn_loc": 0.07759094052016735, "lr": 0.00167834, "rank_data_time": 0.002149921376258135, "time": 0.22746739292051643, "total_loss": 0.5537113868631423}
